Report Type,Taxonomy ID (Long Format),Item Name (VI),Unified UI Column,VCI Old Key,MAS Old Key,KBS Old Key
balance_sheet,BS_CASH_AND_PRECIOUS_METALS,Tiền và các khoản tương đương tiền,tien_va_cac_khoan_tuong_duong_tien,tien_va_cac_khoan_tuong_duong_tien,i_cash_gold_and_silver_precious_stones,i_cash_gold_and_silver_precious_stones | 1_cash_and_cash_equivalents | i_cash_and_cash_equivalents
balance_sheet,BS_FIXED_ASSETS,Tài sản cố định,fixed_assets,tai_san_co_dinh,x_fixed_assets | ix_fixed_assets | ii_fixed_assets,x_fixed_assets | ii_fixed_assets
balance_sheet,BS_TANGIBLE_FIXED_ASSETS,Tài sản cố định hữu hình,tangible_fixed_assets,tai_san_co_dinh_huu_hinh,1_tangible_fixed_assets,1_tangible_fixed_assets
balance_sheet,BS_TANGIBLE_FIXED_ASSETS_COST,Nguyên giá,nguyen_gia,nguyen_gia,a_cost | cost,a_cost | cost
balance_sheet,BS_TANGIBLE_FIXED_ASSETS_ACCUMULATED_DEPRECIATION,Giá trị hao mòn luỹ kế,gia_tri_hao_mon_luy_ke,gia_tri_hao_mon_luy_ke,b_accumulated_depreciation | accumulated_depreciation,b_accumulated_depreciation | accumulated_depreciation
balance_sheet,BS_FINANCE_LEASE_FIXED_ASSETS,Tài sản cố định thuê tài chính,tai_san_co_dinh_thue_tai_chinh,tai_san_co_dinh_thue_tai_chinh,,2_financial_leased_fixed_assets
balance_sheet,BS_FINANCE_LEASE_FIXED_ASSETS_COST,Nguyên giá,nguyen_gia,nguyen_gia,,
balance_sheet,BS_FINANCE_LEASE_FIXED_ASSETS_ACCUMULATED_DEPRECIATION,Giá trị hao mòn luỹ kế,gia_tri_hao_mon_luy_ke,gia_tri_hao_mon_luy_ke,,
balance_sheet,BS_INTANGIBLE_FIXED_ASSETS,Tài sản cố định vô hình,intangible_fixed_assets,tai_san_co_dinh_vo_hinh,3_intangible_fixed_assets,3_intangible_fixed_assets
balance_sheet,BS_INTANGIBLE_FIXED_ASSETS_COST,Nguyên giá,nguyen_gia,nguyen_gia,,
balance_sheet,BS_INTANGIBLE_FIXED_ASSETS_ACCUMULATED_DEPRECIATION,Giá trị hao mòn luỹ kế,gia_tri_hao_mon_luy_ke,gia_tri_hao_mon_luy_ke,,
balance_sheet,BS_INVESTMENT_PROPERTIES,Bất động sản đầu tư,investment_properties,bat_dong_san_dau_tu,xi_investment_properties | x_investment_properties | iii_investment_property | iii_investment_properties | iv_investment_properties,xi_investment_properties | iii_investment_properties | iv_investment_properties
balance_sheet,BS_INVESTMENT_PROPERTIES_COST,Nguyên giá,nguyen_gia,nguyen_gia,,
balance_sheet,BS_INVESTMENT_PROPERTIES_ACCUMULATED_DEPRECIATION,Giá trị hao mòn luỹ kế,gia_tri_hao_mon_luy_ke,gia_tri_hao_mon_luy_ke,,
balance_sheet,BS_LONG_TERM_INVESTMENTS,"Góp vốn, đầu tư dài hạn",gop_von_dau_tu_dai_han,gop_von_dau_tu_dai_han,ix_capital_contribution_and_other_long_term_investments | viii_capital_contribution_and_other_long_term_investments,ix_capital_contribution_and_other_long_term_investments | 2_long_term_investments | iv_long_term_investments | vi_long_term_financial_investments
balance_sheet,BS_INVESTMENTS_IN_JOINT_VENTURES,Đầu tư vào công ty liên doanh,dau_tu_vao_cong_ty_lien_doanh,dau_tu_vao_cong_ty_lien_doanh,2_investments_in_associates_joint_ventures | 2_3_investments_in_associates_joint_ventures,2_investments_in_associates_joint_ventures | 2_3_investments_in_associates_joint_ventures
balance_sheet,BS_OTHER_LONG_TERM_INVESTMENTS,Đầu tư dài hạn khác,other_long_term_investments,dau_tu_dai_han_khac,,3_other_long_term_investments | 2_5_other_long_term_investments | 3_investments_in_other_entities
balance_sheet,BS_PROVISION_LONG_TERM_INVESTMENTS,Dự phòng giảm giá đầu tư dài hạn,du_phong_giam_gia_dau_tu_dai_han,du_phong_giam_gia_dau_tu_dai_han,4_allowance_for_long_term_investment_loss_in_other_entities,4_provision_for_diminution_in_value_of_long_term_investments | 4_allowance_for_long_term_investment_loss_in_other_entities
balance_sheet,BS_TOTAL_ASSETS,TỔNG CỘNG TÀI SẢN,total_assets,tong_cong_tai_san,total_assets,total_assets | total_owner_s_equity_and_liabilities
balance_sheet,BS_TOTAL_LIABILITIES,TỔNG NỢ PHẢI TRẢ,tong_no_phai_tra,tong_no_phai_tra,total_liabilities | a_liabilities | c_liabilities,total_liabilities | a_liabilities | c_liabilities
balance_sheet,BS_EQUITY,VỐN CHỦ SỞ HỮU,von_chu_so_huu,von_chu_so_huu,b_owner_s_equity_400_410_420,viii_capital_and_reserves | b_owner_s_equity_400_410_420 | i_owner_s_equity | d_owner_s_equity
balance_sheet,BS_CHARTER_CAPITAL,Vốn điều lệ,von_dieu_le,von_dieu_le,a_charter_capital | 1_1_capital_from_owners | 1_capital_from_owners | 1_owner_s_capital,a_charter_capital | 1_1_capital_from_owners | common_stock_with_voting_right | 1_owner_s_capital
balance_sheet,BS_SHARE_PREMIUM,Thặng dư vốn cổ phần,share_premium,thang_du_von_co_phan,c_share_premium | 1_2_share_premium | 2_share_premium,c_share_premium | 1_2_share_premium | 2_share_premium
balance_sheet,BS_OTHER_CAPITAL,Vốn khác,von_khac,von_khac,g_other_capital,g_other_capital | 4_treasury_shares | 4_other_capital_of_owners
balance_sheet,BS_TREASURY_SHARES,Cổ phiếu quỹ,treasury_shares,co_phieu_quy,d_treasury_shares | 1_5_treasury_shares | 4_treasury_shares | 5_treasury_shares,1_5_treasury_shares | 4_treasury_shares | 5_treasury_shares
balance_sheet,BS_ASSET_REVALUATION_DIFFERENCES,Chênh lệch đánh giá lại tài sản,chenh_lech_danh_gia_lai_tai_san,chenh_lech_danh_gia_lai_tai_san,4_assets_revaluation_differences | 2_assets_revaluation_differences | 5_assets_revaluation_differences | 6_assets_revaluation_differences,2_assets_revaluation_differences | 6_assets_revaluation_differences
balance_sheet,BS_FOREIGN_EXCHANGE_DIFFERENCES,Chênh lệch tỷ giá hối đoái,foreign_exchange_differences,chenh_lech_ty_gia_hoi_doai,3_foreign_exchange_differences | 6_foreign_exchange_differences | 7_foreign_exchange_differences,3_foreign_exchange_differences | 6_foreign_exchange_differences | 7_foreign_exchange_differences
balance_sheet,BS_RETAINED_EARNINGS,Lợi nhuận sau thuế chưa phân phối,loi_nhuan_sau_thue_chua_phan_phoi,loi_nhuan_sau_thue_chua_phan_phoi,5_undistributed_earnings_after_tax_accumulated_loss | 7_undistributed_earnings_after_tax | 11_undistributed_earnings_after_tax | 10_undistributed_earnings_after_tax,5_undistributed_earnings_after_tax_accumulated_loss | 7_undistributed_earnings_after_tax | 11_undistributed_earnings_after_tax | 10_undistributed_earnings_after_tax
balance_sheet,BS_TOTAL_LIABILITIES_AND_EQUITY,TỔNG CỘNG NGUỒN VỐN,tong_cong_nguon_von,tong_cong_nguon_von,,total_assets | total_owner_s_equity_and_liabilities
balance_sheet,BS_BALANCES_WITH_SBV,Tiền gửi tại Ngân hàng nhà nước Việt Nam,tien_gui_tai_ngan_hang_nha_nuoc_viet_nam,tien_gui_tai_ngan_hang_nha_nuoc_viet_nam,,ii_balances_with_the_state_bank_of_vietnam
balance_sheet,BS_PLACEMENTS_AND_LOANS_TO_CREDIT_INSTITUTIONS,Tiền gửi tại các TCTD khác và cho vay các TCTD khác,tien_gui_tai_cac_tctd_khac_va_cho_vay_cac_tctd_khac,tien_gui_tai_cac_tctd_khac_va_cho_vay_cac_tctd_khac,iii_placements_at_and_loans_to_other_credit_institutions,iii_placements_at_and_loans_to_other_credit_institutions
balance_sheet,BS_TRADING_SECURITIES,Chứng khoán kinh doanh,trading_securities,chung_khoan_kinh_doanh,,iv_trading_securities
balance_sheet,BS_TRADING_SECURITIES_GROSS,Chứng khoán kinh doanh,chung_khoan_kinh_doanh,chung_khoan_kinh_doanh,,1_trading_securities
balance_sheet,BS_PROVISION_TRADING_SECURITIES,Dự phòng giảm giá chứng khoán kinh doanh,du_phong_giam_gia_chung_khoan_kinh_doanh,du_phong_giam_gia_chung_khoan_kinh_doanh,2_provisions_for_diminution_in_value_of_trading_securities,2_provisions_for_diminution_in_value_of_trading_securities
balance_sheet,BS_DERIVATIVES_AND_OTHER_FINANCIAL_ASSETS,Các công cụ tài chính phái sinh và các tài sản tài chính khác,cac_cong_cu_tai_chinh_phai_sinh_va_cac_tai_san_tai_chinh_khac,cac_cong_cu_tai_chinh_phai_sinh_va_cac_tai_san_tai_chinh_khac,v_derivatives_and_other_financial_assets,"{'id': 'v_derivatives_and_other_financial_assets', 'votes': 5}"
balance_sheet,BS_LOANS_TO_CUSTOMERS,Cho vay khách hàng,cho_vay_khach_hang,cho_vay_khach_hang,vi_loans_advances_and_finance_leases_to_customers,vi_loans_advances_and_finance_leases_to_customers
balance_sheet,BS_LOANS_TO_CUSTOMERS_GROSS,Cho vay khách hàng,cho_vay_khach_hang,cho_vay_khach_hang,1_loans_advances_and_finance_leases_to_customers,1_loans_advances_and_finance_leases_to_customers
balance_sheet,BS_PROVISION_LOANS_TO_CUSTOMERS,Dự phòng rủi ro cho vay khách hàng,du_phong_rui_ro_cho_vay_khach_hang,du_phong_rui_ro_cho_vay_khach_hang,2_provisions_for_losses_on_loans_advances_and_finance_leases_to_customers,2_provisions_for_losses_on_loans_advances_and_finance_leases_to_customers
balance_sheet,BS_INVESTMENT_SECURITIES,Chứng khoán đầu tư,investment_securities,chung_khoan_dau_tu,,viii_investment_securities
balance_sheet,BS_AVAILABLE_FOR_SALE_SECURITIES,Chứng khoán đầu tư sẵn sàng để bán,available_for_sale_securities,chung_khoan_dau_tu_san_sang_de_ban,,1_available_for_sales_securities
balance_sheet,BS_HELD_TO_MATURITY_SECURITIES,Đầu tư nắm giữ đến ngày đáo hạn,dau_tu_nam_giu_den_ngay_dao_han,dau_tu_nam_giu_den_ngay_dao_han,3_held_to_maturity_investments_htm | 3_short_term_held_to_maturity_investments,2_held_to_maturity_securities | 3_held_to_maturity_investments_htm | 3_held_to_maturity_investments | 3_short_term_held_to_maturity_investments
balance_sheet,BS_PROVISION_INVESTMENT_SECURITIES,Dự phòng giảm giá chứng khoán đầu tư,du_phong_giam_gia_chung_khoan_dau_tu,du_phong_giam_gia_chung_khoan_dau_tu,3_provisions_for_diminution_in_value_of_investment_securities,3_provisions_for_diminution_in_value_of_investment_securities
balance_sheet,BS_OTHER_ASSETS,Tài sản Có khác,other_assets,tai_san_co_khac,4_other_assets | xii_other_assets | xi_other_assets,xii_other_assets
balance_sheet,BS_DUE_TO_GOVERNMENT_AND_SBV,Các khoản nợ chính phủ và NHNN Việt Nam,cac_khoan_no_chinh_phu_va_nhnn_viet_nam,cac_khoan_no_chinh_phu_va_nhnn_viet_nam,i_due_to_government_and_borrowings_from_the_state_bank_of_vietnam,i_due_to_government_and_borrowings_from_the_state_bank_of_vietnam
balance_sheet,BS_PLACEMENTS_AND_BORROWINGS_FROM_CREDIT_INSTITUTIONS,Tiền gửi và vay các Tổ chức tín dụng khác,tien_gui_va_vay_cac_to_chuc_tin_dung_khac,tien_gui_va_vay_cac_to_chuc_tin_dung_khac,ii_placements_and_borrowings_from_other_credit_institutions,ii_placements_and_borrowings_from_other_credit_institutions
balance_sheet,BS_CUSTOMER_DEPOSITS,Tiền gửi của khách hàng,customer_deposits,tien_gui_cua_khach_hang,iii_deposits_from_customers,iii_deposits_from_customers
balance_sheet,BS_DERIVATIVES_AND_OTHER_FINANCIAL_LIABILITIES,Các công cụ tài chính phái sinh và các khoản nợ tài chính khác,cac_cong_cu_tai_chinh_phai_sinh_va_cac_khoan_no_tai_chinh_khac,cac_cong_cu_tai_chinh_phai_sinh_va_cac_khoan_no_tai_chinh_khac,iv_derivatives_and_other_financial_liabilities,iv_derivatives_and_other_financial_liabilities
balance_sheet,BS_FUNDS_AND_ENTRUSTED_INVESTMENTS,"Vốn tài trợ, uỷ thác đầu tư của Chính phủ và các tổ chức tín dụng khác",von_tai_tro_uy_thac_dau_tu_cua_chinh_phu_va_cac_to_chuc_tin_dung_khac,von_tai_tro_uy_thac_dau_tu_cua_chinh_phu_va_cac_to_chuc_tin_dung_khac,,v_funds_received_from_government_and_institutions_investments_on_behalf_of_investors_syndicated_loans_of_the_bank_s_risks
balance_sheet,BS_VALUABLE_PAPERS_ISSUED,Phát hành giấy tờ có giá,valuable_papers_issued,phat_hanh_giay_to_co_gia,vi_valuable_papers_e_g_bonds_cds,vi_valuable_papers_e_g_bonds_cds
balance_sheet,BS_OTHER_LIABILITIES,Các khoản nợ khác,cac_khoan_no_khac,cac_khoan_no_khac,vii_other_liabilities | 3_other_liabilities,vii_other_liabilities
balance_sheet,BS_CHARTER_CAPITAL_AND_FUNDS,Vốn của tổ chức tín dụng,von_cua_to_chuc_tin_dung,von_cua_to_chuc_tin_dung,1_capital,1_capital
balance_sheet,BS_RESERVES,Quỹ của tổ chức tín dụng,quy_cua_to_chuc_tin_dung,quy_cua_to_chuc_tin_dung,,2_reserves
balance_sheet,BS_OFF_BALANCE_SHEET_ITEMS,CÁC CHỈ TIÊU NGOÀI BÁO CÁO TÌNH HÌNH TÀI CHÍNH,cac_chi_tieu_ngoai_bao_cao_tinh_hinh_tai_chinh,cac_chi_tieu_ngoai_bao_cao_tinh_hinh_tai_chinh,,
balance_sheet,BS_OTHER_GUARANTEES,Bảo lãnh khác,bao_lanh_khac,bao_lanh_khac,,
balance_sheet,BS_LOAN_GUARANTEES,Bảo lãnh vay vốn,bao_lanh_vay_von,bao_lanh_vay_von,,
balance_sheet,BS_FX_COMMITMENTS,Cam kết giao dịch hối đoái,cam_ket_giao_dich_hoi_doai,cam_ket_giao_dich_hoi_doai,,
balance_sheet,BS_COMMITMENTS_TO_BUY_FX,Cam kết mua ngoại tệ,cam_ket_mua_ngoai_te,cam_ket_mua_ngoai_te,,
balance_sheet,BS_COMMITMENTS_TO_SELL_FX,Cam kết bán ngoại tệ,cam_ket_ban_ngoai_te,cam_ket_ban_ngoai_te,,
balance_sheet,BS_SWAP_COMMITMENTS,Cam kết giao dịch hoán đổi,cam_ket_giao_dich_hoan_doi,cam_ket_giao_dich_hoan_doi,,
balance_sheet,BS_FUTURE_COMMITMENTS,Cam kết giao dịch tương lai,cam_ket_giao_dich_tuong_lai,cam_ket_giao_dich_tuong_lai,,
balance_sheet,BS_IRREVOCABLE_LOAN_COMMITMENTS,Cam kết cho vay không huỷ ngang,cam_ket_cho_vay_khong_huy_ngang,cam_ket_cho_vay_khong_huy_ngang,,
balance_sheet,BS_LC_COMMITMENTS,Cam kết trong nghiệp vụ L/C,cam_ket_trong_nghiep_vu_l_c,cam_ket_trong_nghiep_vu_l_c,,
balance_sheet,BS_OTHER_COMMITMENTS,Cam kết khác,cam_ket_khac,cam_ket_khac,,
balance_sheet,BS_MINORITY_INTEREST,Lợi ích của cổ đông thiểu số,minority_interest,loi_ich_cua_co_dong_thieu_so,6_minority_s_interest | 8_minority_interest | 12_minority_s_interest | 13_minority_interest | 13_minority_s_interest,6_minority_s_interest | 12_minority_s_interest | 13_minority_interest
balance_sheet,BS_PLACEMENTS_WITH_CREDIT_INSTITUTIONS,Tiền gửi tại các TCTD khác,tien_gui_tai_cac_tctd_khac,tien_gui_tai_cac_tctd_khac,1_placements_at_other_credit_institutions,1_placements_at_other_credit_institutions
balance_sheet,BS_LOANS_TO_CREDIT_INSTITUTIONS,Cho vay các TCTD khác,cho_vay_cac_tctd_khac,cho_vay_cac_tctd_khac,2_loans_to_other_credit_institutions,2_loans_to_other_credit_institutions
balance_sheet,BS_PROVISION_CREDIT_INSTITUTIONS,Dự phòng rủi ro,du_phong_rui_ro,du_phong_rui_ro,,3_provisions_for_losses_and_risks
balance_sheet,BS_DEBT_PURCHASES,Hoạt động mua nợ,hoat_dong_mua_no,hoat_dong_mua_no,1_debt_purchased | vii_debt_purchased,vii_debt_purchased
balance_sheet,BS_DEBT_PURCHASES_GROSS,Mua nợ,mua_no,mua_no,,1_debt_purchased
balance_sheet,BS_PROVISION_DEBT_PURCHASES,Dự phòng rủi ro hoạt động mua nợ,du_phong_rui_ro_hoat_dong_mua_no,du_phong_rui_ro_hoat_dong_mua_no,2_provision_for_debt_purchased,2_provision_for_debt_purchased
balance_sheet,BS_RECEIVABLES,Các khoản phải thu,cac_khoan_phai_thu,cac_khoan_phai_thu,1_accounts_receivables,1_accounts_receivables
balance_sheet,BS_INTEREST_AND_FEE_RECEIVABLES,Các khoản lãi và phí phải thu,cac_khoan_lai_va_phi_phai_thu,cac_khoan_lai_va_phi_phai_thu,2_interest_and_fee_receivables,2_interest_and_fee_receivables
balance_sheet,BS_DEFERRED_TAX_ASSETS,Tài sản thuế thu nhập hoãn lại,tai_san_thue_thu_nhap_hoan_lai,tai_san_thue_thu_nhap_hoan_lai,10_2_deferred_income_tax_expenses | 2_deferred_income_tax_assets,3_deferred_income_tax_assets | 2_deferred_income_tax_assets
balance_sheet,BS_OTHER_ASSETS_DETAIL,Tài sản Có khác,tai_san_co_khac,tai_san_co_khac,,4_other_assets
balance_sheet,BS_GOODWILL,Lợi thế thương mại,goodwill,loi_the_thuong_mai,6_goodwill | 5_goodwill | v_goodwill | vii_goodwill,5_goodwill
balance_sheet,BS_PROVISION_OTHER_ASSETS,Các khoản dự phòng rủi ro cho các tài sản Có nội bảng khác,cac_khoan_du_phong_rui_ro_cho_cac_tai_san_co_noi_bang_khac,cac_khoan_du_phong_rui_ro_cho_cac_tai_san_co_noi_bang_khac,5_provisions_for_risks_in_other_assets,5_provisions_for_risks_in_other_assets
balance_sheet,BS_PLACEMENTS_FROM_CREDIT_INSTITUTIONS,Tiền gửi của các tổ chức tín dụng khác,tien_gui_cua_cac_to_chuc_tin_dung_khac,tien_gui_cua_cac_to_chuc_tin_dung_khac,1_placements_from_other_credit_institutions,1_placements_from_other_credit_institutions
balance_sheet,BS_BORROWINGS_FROM_CREDIT_INSTITUTIONS,Vay các tổ chức tín dụng khác,vay_cac_to_chuc_tin_dung_khac,vay_cac_to_chuc_tin_dung_khac,2_borrowings_from_other_credit_institutions,2_borrowings_from_other_credit_institutions
balance_sheet,BS_INTEREST_AND_FEE_PAYABLES,"Các khoản lãi, phí phải trả",cac_khoan_lai_phi_phai_tra,cac_khoan_lai_phi_phai_tra,1_interest_and_fee_payables,1_interest_and_fee_payables
balance_sheet,BS_DEFERRED_TAX_LIABILITIES,Thuế thu nhập hoãn lại phải trả,thue_thu_nhap_hoan_lai_phai_tra,thue_thu_nhap_hoan_lai_phai_tra,14_deferred_income_tax_liabilities | 5_deferred_income_tax_liabilities | 12_deferred_income_tax_liabilities | 11_deferred_income_tax_liabilities,14_deferred_income_tax_liabilities | 5_deferred_income_tax_liabilities | 12_deferred_income_tax_liabilities
balance_sheet,BS_OTHER_PAYABLES_AND_LIABILITIES,Các khoản phải trả và công nợ khác,cac_khoan_phai_tra_va_cong_no_khac,cac_khoan_phai_tra_va_cong_no_khac,,3_other_liabilities
balance_sheet,BS_OTHER_PROVISIONS,Dự phòng rủi ro khác,du_phong_rui_ro_khac,du_phong_rui_ro_khac,,4_provisions_for_contingent_liabilities_and_off_balance_sheet_commitments
balance_sheet,BS_CAPITAL_CONTRIBUTION_JOINT_VENTURES,Vốn Góp liên doanh,von_gop_lien_doanh,von_gop_lien_doanh,,2_investments_in_associates_joint_ventures
balance_sheet,BS_INVESTMENTS_IN_ASSOCIATES,Đầu tư vào công ty liên kết,dau_tu_vao_cong_ty_lien_ket,dau_tu_vao_cong_ty_lien_ket,,"{'id': '2_investments_in_associates_joint_ventures', 'votes': 4}"
balance_sheet,BS_SHORT_TERM_ASSETS,TÀI SẢN NGẮN HẠN,tai_san_ngan_han,tai_san_ngan_han,a_short_term_assets,a_short_term_assets
balance_sheet,BS_CASH,Tiền,cash,tien,1_1_cash,1_1_cash | 1_cash
balance_sheet,BS_CASH_EQUIVALENTS,Các khoản tương đương tiền,cash_equivalents,cac_khoan_tuong_duong_tien,1_2_cash_equivalents,2_cash_equivalents | 1_2_cash_equivalents
balance_sheet,BS_FVTPL_FINANCIAL_ASSETS,Các tài sản tài chính ghi nhận thông qua lãi lỗ,cac_tai_san_tai_chinh_ghi_nhan_thong_qua_lai_lo,cac_tai_san_tai_chinh_ghi_nhan_thong_qua_lai_lo,,2_financial_assets_at_fair_value_through_profit_or_loss_fvtpl | 1_short_term_investments | 1_trading_securities
balance_sheet,BS_PROVISIONS_FOR_IMPAIRMENT_LOSS_OF_FINANCIAL_ASSETS_AND_MORTGAGES,Dự phòng suy giảm giá trị tài sản tài chính và tài sản thế chấp,du_phong_suy_giam_gia_tri_tai_san_tai_chinh_va_tai_san_the_chap,du_phong_suy_giam_gia_tri_tai_san_tai_chinh_va_tai_san_the_chap,6_provisions_for_impairment_loss_of_financial_assets_and_mortgages | 2_provision_for_diminution_in_value_of_available_for_sale_securities,6_provisions_for_impairment_loss_of_financial_assets_and_mortgages | 2_provision_for_diminution_in_value_of_short_term_investments | 2_provision_for_diminution_in_value_of_available_for_sale_securities
balance_sheet,BS_SHORT_TERM_RECEIVABLES,Các khoản phải thu ngắn hạn,short_term_receivables,cac_khoan_phai_thu_ngan_han,7_short_term_receivables | 1_long_term_receivables | iii_short_term_receivables | i_long_term_receivables,iii_short_term_receivables
balance_sheet,BS_TRADE_RECEIVABLES,Phải thu ngắn hạn của khách hàng,phai_thu_ngan_han_cua_khach_hang,phai_thu_ngan_han_cua_khach_hang,1_trade_accounts_receivable | 1_short_term_trade_accounts_receivable,1_trade_accounts_receivable | 1_short_term_trade_accounts_receivable
balance_sheet,BS_PREPAYMENTS_TO_SUPPLIERS,Trả trước cho người bán ngắn hạn,tra_truoc_cho_nguoi_ban_ngan_han,tra_truoc_cho_nguoi_ban_ngan_han,2_prepayments_to_suppliers | 7_payments_to_suppliers | 2_short_term_prepayments_to_suppliers,prepayments_to_suppliers | 2_prepayments_to_suppliers | 2_short_term_prepayments_to_suppliers
balance_sheet,BS_SHORT_TERM_INTER_COMPANY_RECEIVABLES,Phải thu nội bộ ngắn hạn,short_term_inter_company_receivables,phai_thu_noi_bo_ngan_han,10_short_term_inter_company_receivables | 3_short_term_inter_company_receivables,
balance_sheet,BS_RECEIVABLES_UNDER_CONSTRUCTION_CONTRACTS,Phải thu về XDCB,phai_thu_ve_xdcb,phai_thu_ve_xdcb,4_construction_contract_progress_receipts_due_from_customers | 4_receivables_under_construction_contracts,4_receivables_under_construction_contracts
balance_sheet,BS_OTHER_RECEIVABLES,Phải thu ngắn hạn khác,phai_thu_ngan_han_khac,phai_thu_ngan_han_khac,,12_other_receivables | 5_other_receivables | 5_other_short_term_receivables
balance_sheet,BS_PROVISION_DOUBTFUL_DEBTS,Dự phòng phải thu ngắn hạn khó đòi,du_phong_phai_thu_ngan_han_kho_doi,du_phong_phai_thu_ngan_han_kho_doi,1_5_provision_for_long_term_doubtful_debts | 6_provision_for_short_term_doubtful_debts | 5_provision_for_long_term_doubtful_debts | 7_provision_for_short_term_doubtful_debts,6_provision_for_short_term_doubtful_debts
balance_sheet,BS_PROVISION_INVENTORIES,Dự phòng giảm giá hàng tồn kho,du_phong_giam_gia_hang_ton_kho,du_phong_giam_gia_hang_ton_kho,provision_for_decline_in_value_of_inventories | 2_provision_for_decline_in_value_of_inventories,2_provision_for_decline_in_value_of_inventories
balance_sheet,BS_OTHER_SHORT_TERM_ASSETS,Tài sản ngắn hạn khác,other_short_term_assets,tai_san_ngan_han_khac,,ii_other_short_term_assets | v_other_short_term_assets | vi_other_short_term_assets
balance_sheet,BS_SHORT_TERM_PREPAYMENTS,Chi phí trả trước ngắn hạn,short_term_prepayments,chi_phi_tra_truoc_ngan_han,3_short_term_prepayments | 1_short_term_prepayments,3_short_term_prepayments | 1_short_term_prepayments | 1_short_term_deferred_expenses
balance_sheet,BS_DEDUCTIBLE_VALUE_ADDED_TAX,Thuế GTGT được khấu trừ,thue_gtgt_duoc_khau_tru,thue_gtgt_duoc_khau_tru,8_value_added_tax_to_be_reclaimed | 2_value_added_tax_to_be_reclaimed | 2_deductible_value_added_tax,2_deductible_value_added_tax
balance_sheet,BS_TAXES_AND_OTHER_RECEIVABLES_FROM_STATE_AUTHORITIES,Thuế và các khoản khác phải thu Nhà nước,taxes_and_other_receivables_from_state_authorities,thue_va_cac_khoan_khac_phai_thu_nha_nuoc,taxes_and_other_receivables_from_state_authorities | 3_taxes_and_other_receivables_from_state_authorities,3_taxes_and_other_receivables_from_state_authorities | taxes_and_other_receivables_from_state_authorities
balance_sheet,BS_OTHER_SHORT_TERM_ASSETS_DETAIL,Tài sản ngắn hạn khác,tai_san_ngan_han_khac,tai_san_ngan_han_khac,,5_other_short_term_assets
balance_sheet,BS_LONG_TERM_ASSETS,Tài sản dài hạn khác,long_term_assets,tai_san_dai_han_khac,b_long_term_assets,b_long_term_assets
balance_sheet,BS_LONG_TERM_RECEIVABLES,Các khoản phải thu dài hạn,long_term_receivables,cac_khoan_phai_thu_dai_han,1_long_term_trade_receivables,i_long_term_receivables
balance_sheet,BS_LONG_TERM_TRADE_RECEIVABLES,Phải thu dài hạn của khách hàng,long_term_trade_receivables,phai_thu_dai_han_cua_khach_hang,1_1_long_term_trade_receivables,"{'id': '1_long_term_trade_receivables', 'votes': 6}"
balance_sheet,BS_OTHER_LONG_TERM_RECEIVABLES_LEGACY,Phải thu dài hạn khác,phai_thu_dai_han_khac,phai_thu_dai_han_khac,1_4_other_long_term_receivables,i_long_term_receivables | 5_other_long_term_receivables
balance_sheet,BS_PROVISION_FOR_LONG_TERM_DOUBTFUL_DEBTS,Dự phòng phải thu dài hạn khó đòi,provision_for_long_term_doubtful_debts,du_phong_phai_thu_dai_han_kho_doi,,6_provision_for_long_term_doubtful_debts
balance_sheet,BS_OTHER_LONG_TERM_ASSETS,Tài sản dài hạn khác,other_long_term_assets,tai_san_dai_han_khac,5_other_long_term_assets | v_other_long_term_assets | 4_other_long_term_assets | vi_other_long_term_assets | vii_other_long_term_assets,v_other_long_term_assets | vi_other_long_term_assets | vii_other_long_term_assets
balance_sheet,BS_LONG_TERM_PREPAYMENTS,Chi phí trả trước dài hạn,long_term_prepayments,chi_phi_tra_truoc_dai_han,2_long_term_prepayments | 1_long_term_prepayments | 1_long_term_deferred_expenses,2_long_term_prepayments | 1_long_term_prepayments | 1_long_term_deferred_expenses
balance_sheet,BS_OTHER_LONG_TERM_ASSETS_DETAIL,Tài sản dài hạn khác,tai_san_dai_han_khac,tai_san_dai_han_khac,,5_other_long_term_assets | 4_other_long_term_assets | 5_goodwill
balance_sheet,BS_SHORT_TERM_LIABILITIES,Nợ ngắn hạn,short_term_liabilities,no_ngan_han,i_short_term_liabilities,i_short_term_liabilities
balance_sheet,BS_SHORT_TERM_BORROWINGS,Vay và nợ thuê tài chính ngắn hạn,vay_va_no_thue_tai_chinh_ngan_han,vay_va_no_thue_tai_chinh_ngan_han,11_short_term_borrowings_and_financial_leases | 10_short_term_borrowings_and_financial_leases,1_short_term_borrowings | 11_short_term_borrowings_and_financial_leases
balance_sheet,BS_TRADE_ACCOUNTS_PAYABLE,Phải trả người bán ngắn hạn,phai_tra_nguoi_ban_ngan_han,phai_tra_nguoi_ban_ngan_han,8_trade_accounts_payable | 2_trade_accounts_payable | 1_short_term_trade_accounts_payable,8_trade_accounts_payable | 2_trade_accounts_payable | 1_short_term_trade_accounts_payable
balance_sheet,BS_ADVANCES_FROM_CUSTOMERS,Người mua trả tiền trước ngắn hạn,nguoi_mua_tra_tien_truoc_ngan_han,nguoi_mua_tra_tien_truoc_ngan_han,9_advances_from_customers | 3_advances_from_customers | 2_short_term_advances_from_customers,9_advances_from_customers | 3_advances_from_customers | 2_short_term_advances_from_customers
balance_sheet,BS_TAXES_AND_OTHER_PAYABLES_TO_STATE_AUTHORITIES,Thuế và các khoản phải nộp Nhà nước,thue_va_cac_khoan_phai_nop_nha_nuoc,thue_va_cac_khoan_phai_nop_nha_nuoc,10_taxes_and_other_payables_to_state_authorities | 4_taxes_and_other_payables_to_state_authorities | 4_short_term_taxes_and_other_payables_to_the_government | 3_taxes_and_other_payables_to_state_authorities,10_taxes_and_other_payables_to_state_authorities | 4_taxes_and_other_payables_to_state_authorities | 4_short_term_taxes_and_other_payables_to_the_government
balance_sheet,BS_PAYABLE_TO_EMPLOYEES,Phải trả người lao động,payable_to_employees,phai_tra_nguoi_lao_dong,11_payable_to_employees | 5_payable_to_employees | 4_payable_to_employees,11_payable_to_employees | 5_payable_to_employees
balance_sheet,BS_ACCRUED_EXPENSES,Chi phí phải trả ngắn hạn,chi_phi_phai_tra_ngan_han,chi_phi_phai_tra_ngan_han,6_short_term_accrued_expenses | 5_short_term_acrrued_expenses,13_accrued_expenses | 6_accrued_expenses | 6_short_term_accrued_expenses
balance_sheet,BS_SHORT_TERM_PAYABLES_FOR_CONSTRUCTION_CONTRACT_PROGRESS,Phải trả về xây dựng cơ bản,phai_tra_ve_xay_dung_co_ban,phai_tra_ve_xay_dung_co_ban,8_construction_contract_progress_payments_due_to_suppliers | 7_construction_contract_progress_payments_due_to_suppliers,8_short_term_payables_for_construction_contract_progress
balance_sheet,BS_OTHER_PAYABLES,Phải trả ngắn hạn khác,other_payables,phai_tra_ngan_han_khac,10_other_short_term_payables,17_other_payables | 9_other_payables | 10_other_short_term_payables
balance_sheet,BS_SHORT_TERM_PROVISIONS,Dự phòng phải trả ngắn hạn,du_phong_phai_tra_ngan_han,du_phong_phai_tra_ngan_han,18_provision_for_short_term_liabilities | 10_provision_for_short_term_liabilities | 12_provision_for_short_term_liabilities | 11_provision_for_short_term_liabilities,10_provision_for_short_term_liabilities | 12_provision_for_short_term_liabilities
balance_sheet,BS_BONUS_AND_WELFARE_FUND,"Quỹ khen thưởng, phúc lợi",bonus_and_welfare_fund,quy_khen_thuong_phuc_loi,19_bonus_and_welfare_fund | 13_bonus_and_welfare_fund | 12_bonus_and_welfare_fund,19_bonus_and_welfare_fund | 11_bonus_and_welfare_fund | 13_bonus_and_welfare_fund
balance_sheet,BS_LONG_TERM_LIABILITIES,Nợ dài hạn,long_term_liabilities,no_dai_han,ii_long_term_liabilities,ii_long_term_liabilities
balance_sheet,BS_LONG_TERM_TRADE_PAYABLES,Phải trả người bán dài hạn,long_term_trade_payables,phai_tra_nguoi_ban_dai_han,5_long_term_trade_payables | 1_long_term_trade_payables,1_long_term_trade_payables
balance_sheet,BS_OTHER_LONG_TERM_LIABILITIES,Phải trả dài hạn khác,other_long_term_liabilities,phai_tra_dai_han_khac,,3_other_long_term_liabilities | 8_other_long_term_liabilities
balance_sheet,BS_LONG_TERM_BORROWINGS,Vay và nợ thuê tài chính dài hạn,vay_va_no_thue_tai_chinh_dai_han,vay_va_no_thue_tai_chinh_dai_han,9_long_term_borrowings_and_financial_leases | 8_long_term_borrowings_and_financial_leases,4_long_term_borrowings | 9_long_term_borrowings_and_financial_leases
balance_sheet,BS_LONG_TERM_PROVISIONS,Dự phòng phải trả dài hạn,du_phong_phai_tra_dai_han,du_phong_phai_tra_dai_han,12_provision_for_long_term_liabilities | 7_provision_for_long_term_liabilities | 13_provision_for_long_term_liabilities,13_provision_for_long_term_liabilities
balance_sheet,BS_LONG_TERM_UNEARNED_REVENUE,Doanh thu chưa thực hiện dài hạn,long_term_unearned_revenue,doanh_thu_chua_thuc_hien_dai_han,9_unearned_revenue | 8_unearned_revenue | 7_long_term_unearned_revenue | 6_long_term_unearned_revenue,7_long_term_unearned_revenue | 9_unearned_revenue
balance_sheet,BS_FUND_FOR_TECHNOLOGY_DEVELOPMENT,Quỹ phát triển khoa học và công nghệ,quy_phat_trien_khoa_hoc_va_cong_nghe,quy_phat_trien_khoa_hoc_va_cong_nghe,15_fund_for_technology_development | 9_fund_for_technology_development | 14_fund_for_technology_development | 13_fund_for_technology_development,14_fund_for_technology_development
balance_sheet,BS_INVESTMENT_AND_DEVELOPMENT_FUND,Quỹ đầu tư phát triển,investment_and_development_fund,quy_dau_tu_phat_trien,,7_investment_and_development_fund | 8_investment_and_development_fund
balance_sheet,BS_FINANCIAL_RESERVES,Quỹ dự phòng tài chính và rủi ro nghiệp vụ,quy_du_phong_tai_chinh_va_rui_ro_nghiep_vu,quy_du_phong_tai_chinh_va_rui_ro_nghiep_vu,,8_financial_reserves | 5_financial_reserves
balance_sheet,BS_OTHER_RESERVES,Quỹ khác thuộc vốn chủ sở hữu,quy_khac_thuoc_von_chu_so_huu,quy_khac_thuoc_von_chu_so_huu,10_other_reserves | 9_other_funds_from_owner_s_equity,10_other_reserves | 6_other_funds_from_owner_s_equity | 9_other_funds_from_owner_s_equity
balance_sheet,BS_FUNDING_SOURCES,Nguồn kinh phí và quỹ khác,nguon_kinh_phi_va_quy_khac,nguon_kinh_phi_va_quy_khac,ii_budget_resources_and_other_funds | ii_other_resources_and_funds,1_funding_sources
balance_sheet,BS_STATE_BUDGET_CAPITAL,Vốn ngân sách nhà nước,von_ngan_sach_nha_nuoc,von_ngan_sach_nha_nuoc,1_subsidized_not_for_profit_funds | 1_funding_sources,1_funding_sources
balance_sheet,BS_PAYABLES_SECURITIES_TRADING,Phải trả hoạt động giao dịch chứng khoán,phai_tra_hoat_dong_giao_dich_chung_khoan,phai_tra_hoat_dong_giao_dich_chung_khoan,,6_payables_to_securities_trading_activities
balance_sheet,BS_ASSETS_AWAITING_RESOLUTION,Tài sản thiếu chờ xử lý,tai_san_thieu_cho_xu_ly,tai_san_thieu_cho_xu_ly,,7_assets_awaiting_resolution
balance_sheet,BS_SHORT_TERM_LOAN_RECEIVABLES,Phải thu về cho vay ngắn hạn,short_term_loan_receivables,phai_thu_ve_cho_vay_ngan_han,4_short_term_loan_receivables | 5_short_term_loan_receivables,5_short_term_loan_receivables | 4_short_term_loan_receivables
balance_sheet,BS_LONG_TERM_PREPAYMENTS_TO_SUPPLIERS,Trả trước cho người bán dài hạn,long_term_prepayments_to_suppliers,tra_truoc_cho_nguoi_ban_dai_han,2_long_term_prepayments_to_suppliers,2_long_term_prepayments_to_suppliers
balance_sheet,BS_LONG_TERM_LOAN_RECEIVABLES,Phải thu về cho vay dài hạn,long_term_loan_receivables,phai_thu_ve_cho_vay_dai_han,5_long_term_loan_receivables,5_long_term_loan_receivables
balance_sheet,BS_CONSTRUCTION_IN_PROGRESS,Tài sản dở dang dài hạn,construction_in_progress,tai_san_do_dang_dai_han,iv_long_term_assets_in_progress | v_long_term_assets_in_progress,iv_construction_in_progress | 4_construction_in_progress | v_long_term_assets_in_progress
balance_sheet,BS_LONG_TERM_PRODUCTION_IN_PROGRESS,"Chi phí sản xuất, kinh doanh dở dang dài hạn",chi_phi_san_xuat_kinh_doanh_do_dang_dai_han,chi_phi_san_xuat_kinh_doanh_do_dang_dai_han,1_long_term_production_in_progress,1_long_term_production_in_progress
balance_sheet,BS_LONG_TERM_EQUIPMENT_SUPPLIES_SPARE_PARTS,"Thiết bị, vật tư, phụ tùng thay thế dài hạn",thiet_bi_vat_tu_phu_tung_thay_the_dai_han,thiet_bi_vat_tu_phu_tung_thay_the_dai_han,3_long_term_equipment_supplies_spare_parts,3_long_term_equipment_supplies_spare_parts
balance_sheet,BS_SHORT_TERM_UNEARNED_REVENUE,Doanh thu chưa thực hiện ngắn hạn,short_term_unearned_revenue,doanh_thu_chua_thuc_hien_ngan_han,15_unearned_revenue | 14_short_term_unearned_revenue | 9_short_term_unearned_revenue | 8_short_term_unearned_revenue,14_short_term_unearned_revenue | 15_unearned_revenue | 9_short_term_unearned_revenue
balance_sheet,BS_PRICE_STABILIZATION_FUND,Quỹ bình ổn giá,quy_binh_on_gia,quy_binh_on_gia,11_bonus_and_welfare_fund | 14_price_stabilization_fund | 13_price_stabilization_fund,
balance_sheet,BS_PAYABLES_GOVERNMENT_BONDS_TRADING,Giao dịch mua bán lại trái phiếu Chính phủ,giao_dich_mua_ban_lai_trai_phieu_chinh_phu,giao_dich_mua_ban_lai_trai_phieu_chinh_phu,12_payables_for_government_bond_trading_activities,12_payables_for_government_bond_trading_activities
balance_sheet,BS_LONG_TERM_ADVANCES_FROM_CUSTOMERS,Người mua trả tiền trước dài hạn,long_term_advances_from_customers,nguoi_mua_tra_tien_truoc_dai_han,6_advances_from_customers | 2_long_term_advances_from_customers,"{'id': '2_long_term_advances_from_customers', 'votes': 6}"
balance_sheet,BS_LONG_TERM_ACCRUED_EXPENSES,Chi phí phải trả dài hạn,chi_phi_phai_tra_dai_han,chi_phi_phai_tra_dai_han,4_long_term_accrued_expenses | 3_long_term_acrrued_expenses,"{'id': '4_long_term_accrued_expenses', 'votes': 7}"
balance_sheet,BS_CONVERTIBLE_BONDS,Trái phiếu chuyển đổi,convertible_bonds,trai_phieu_chuyen_doi,10_convertible_bonds | 9_convertible_bonds,10_convertible_bonds
balance_sheet,BS_CAPITAL_FROM_OWNERS,Cổ phiếu phổ thông có quyền biểu quyết,co_phieu_pho_thong_co_quyen_bieu_quyet,co_phieu_pho_thong_co_quyen_bieu_quyet,common_stock_with_voting_right,1_1_capital_from_owners | common_stock_with_voting_right
balance_sheet,BS_ACCUMULATED_RETAINED_EARNING_AT_THE_END_OF_THE_PREVIOUS_PERIOD,LNST chưa phân phối kỳ này,lnst_chua_phan_phoi_ky_nay,lnst_chua_phan_phoi_ky_nay,accumulated_retained_earning_at_the_end_of_the_previous_period,accumulated_retained_earning_at_the_end_of_the_previous_period
balance_sheet,BS_PROFIT_THIS_PERIOD,LNST chưa phân phối kỳ này,lnst_chua_phan_phoi_ky_nay,lnst_chua_phan_phoi_ky_nay,undistributed_earnings_in_this_period,7_1_realised_profits | undistributed_earnings_in_this_period
balance_sheet,BS_CAPITAL_CONSTRUCTION_IN_PROGRESS,Chi phí xây dựng cơ bản dở dang,chi_phi_xay_dung_co_ban_do_dang,chi_phi_xay_dung_co_ban_do_dang,iv_construction_in_progress | 4_construction_in_progress | 2_construction_in_progress,iv_construction_in_progress | 4_construction_in_progress | 2_construction_in_progress
balance_sheet,BS_SETTLEMENT_ASSISTANCE_FUND,Tiền chi nộp Quỹ Hỗ trợ thanh toán,tien_chi_nop_quy_ho_tro_thanh_toan,tien_chi_nop_quy_ho_tro_thanh_toan,4_payment_for_settlement_assistance_fund | 5_cash_paid_to_settlement_assistance_fund,4_payment_for_settlement_assistance_fund
balance_sheet,BS_SHORT_TERM_FINANCIAL_ASSETS,Tài sản tài chính ngắn hạn,tai_san_tai_chinh_ngan_han,tai_san_tai_chinh_ngan_han,short_term_financial_assets,short_term_financial_assets
balance_sheet,BS_LOANS,Các khoản cho vay,cac_khoan_cho_vay,cac_khoan_cho_vay,4_loans,4_loans
balance_sheet,BS_AVAILABLE_FOR_SALE_FINANCIAL_ASSETS_AFS,Các khoản tài chính sẵn sàng để bán,cac_khoan_tai_chinh_san_sang_de_ban,cac_khoan_tai_chinh_san_sang_de_ban,5_available_for_sale_financial_assets_afs,5_available_for_sale_financial_assets_afs
balance_sheet,BS_RECEIVABLES_POST_2016,Các khoản phải thu,cac_khoan_phai_thu,cac_khoan_phai_thu,,7_short_term_receivables
balance_sheet,BS_RECEIVABLES_FROM_DISPOSAL_OF_FINANCIAL_ASSETS,Phải thu bán các tài sản tài chính,phai_thu_ban_cac_tai_san_tai_chinh,phai_thu_ban_cac_tai_san_tai_chinh,7_1_receivables_from_disposal_of_financial_assets,7_1_receivables_from_disposal_of_financial_assets
balance_sheet,BS_RECEIVABLES_AND_ACCRUALS_FROM_DIVIDENDS_AND_INTEREST_INCOME,"Phải thu và dự thu cổ tức, tiền lãi các tài sản tài chính",phai_thu_va_du_thu_co_tuc_tien_lai_cac_tai_san_tai_chinh,phai_thu_va_du_thu_co_tuc_tien_lai_cac_tai_san_tai_chinh,,7_2_receivables_and_accruals_from_dividends_and_interest_income
balance_sheet,BS_DUE_DIVIDEND_AND_INTEREST_RECEIVABLES,"Phải thu cổ tức, tiền lãi đến ngày nhận",phai_thu_co_tuc_tien_lai_den_ngay_nhan,phai_thu_co_tuc_tien_lai_den_ngay_nhan,7_2_1_due_dividend_and_interest_receivables,7_2_1_due_dividend_and_interest_receivables
balance_sheet,BS_UNDUE_DIVIDEND_AND_INTEREST_RECEIVABLES,"Dự thu cổ tức , tiền lãi chưa đến ngày nhận",du_thu_co_tuc_tien_lai_chua_den_ngay_nhan,du_thu_co_tuc_tien_lai_chua_den_ngay_nhan,7_2_2_undue_dividend_and_interest_receivables,7_2_2_undue_dividend_and_interest_receivables
balance_sheet,BS_SERVICE_RELATED_RECEIVABLE,Phải thu các dịch vụ CTCK cung cấp,phai_thu_cac_dich_vu_ctck_cung_cap,phai_thu_cac_dich_vu_ctck_cung_cap,,9_service_related_receivable
balance_sheet,BS_PROVISION_FOR_DOUBTFUL_DEBTS,Dự phòng suy giảm giá trị các khoản phải thu,du_phong_suy_giam_gia_tri_cac_khoan_phai_thu,du_phong_suy_giam_gia_tri_cac_khoan_phai_thu,13_provision_for_doubtful_debts,13_provision_for_doubtful_debts
balance_sheet,BS_ADVANCES,Tạm ứng,tam_ung,tam_ung,,1_advances
balance_sheet,BS_OFFICE_SUPPLIES_TOOLS,"Vật tư văn phòng, công cụ, dụng cụ",vat_tu_van_phong_cong_cu_dung_cu,vat_tu_van_phong_cong_cu_dung_cu,2_office_supplies_tools,2_office_supplies_tools
balance_sheet,BS_PLEDGED_ASSETS_MORTGAGES_SECURITY_DEPOSITS_IN_SHORT_TERM,"Cầm cố, thế chấp, ký quỹ , ký cược ngắn hạn",cam_co_the_chap_ky_quy_ky_cuoc_ngan_han,cam_co_the_chap_ky_quy_ky_cuoc_ngan_han,4_pledged_assets_mortgages_security_deposits_in_short_term,4_pledged_assets_mortgages_security_deposits_in_short_term
balance_sheet,BS_LONG_TERM_FINANCIAL_ASSETS,Tài sản tài chính dài hạn,tai_san_tai_chinh_dai_han,tai_san_tai_chinh_dai_han,i_long_term_financial_assets,i_long_term_financial_assets
balance_sheet,BS_LONG_TERM_PLEDGED_ASSETS,"Cầm cố, thế chấp, kỹ quỹ, Ký cược dài hạn",cam_co_the_chap_ky_quy_ky_cuoc_dai_han,cam_co_the_chap_ky_quy_ky_cuoc_dai_han,1_pledged_assets_mortgages_security_deposits_in_long_term,1_pledged_assets_mortgages_security_deposits_in_long_term
balance_sheet,BS_SHORT_TERM_BORROWINGS_DETAIL,Vay ngắn hạn,vay_ngan_han,vay_ngan_han,1_1_short_term_borrowings,1_short_term_borrowings
balance_sheet,BS_SHORT_TERM_BONDS,Trái phiếu phát hành ngắn hạn,trai_phieu_phat_hanh_ngan_han,trai_phieu_phat_hanh_ngan_han,4_short_term_bonds,4_short_term_bonds
balance_sheet,BS_EMPLOYEE_WELFARE_PAYABLES,Các khoản trích nộp phúc lợi nhân viên,cac_khoan_trich_nop_phuc_loi_nhan_vien,cac_khoan_trich_nop_phuc_loi_nhan_vien,12_employee_welfare_payables,12_employee_welfare_payables
balance_sheet,BS_SHORT_TERM_DEPOSITS_RECEIVED,"Nhận ký quỹ, ký cược ngắn hạn",nhan_ky_quy_ky_cuoc_ngan_han,nhan_ky_quy_ky_cuoc_ngan_han,,16_short_term_deposits_collateral_received
balance_sheet,BS_LONG_TERM_BONDS,Trái phiếu phát hành dài hạn,trai_phieu_phat_hanh_dai_han,trai_phieu_phat_hanh_dai_han,4_long_term_bonds,"{'id': '4_long_term_bonds', 'votes': 5}"
balance_sheet,BS_LONG_TERM_DEPOSITS_COLLATERAL_RECEIVED,"Nhận ký quỹ, ký cược dài hạn",nhan_ky_quy_ky_cuoc_dai_han,nhan_ky_quy_ky_cuoc_dai_han,10_long_term_deposits_collateral_received,10_long_term_deposits_collateral_received
balance_sheet,BS_INVESTMENT_CAPITAL_FROM_OWNERS,Vốn đầu tư của chủ sở hữu,von_dau_tu_cua_chu_so_huu,von_dau_tu_cua_chu_so_huu,1_investment_capital_from_owners,1_investment_capital_from_owners
balance_sheet,BS_SUPPLEMENTARY_CAPITAL_RESERVE,Quỹ dự trữ bổ sung vốn điều lệ,quy_du_tru_bo_sung_von_dieu_le,quy_du_tru_bo_sung_von_dieu_le,4_supplementary_capital_reserve,4_supplementary_capital_reserve
balance_sheet,BS_REALIZED_PROFITS,Lợi nhuận đã thực hiện,loi_nhuan_da_thuc_hien,loi_nhuan_da_thuc_hien,,7_1_realised_profits
balance_sheet,BS_UNREALIZED_PROFITS,Lợi nhuận chưa thực hiện,loi_nhuan_chua_thuc_hien,loi_nhuan_chua_thuc_hien,,7_2_unrealised_losses
balance_sheet,BS_SHORT_TERM_INVESTMENTS,Đầu tư tài chính ngắn hạn,dau_tu_tai_chinh_ngan_han,dau_tu_tai_chinh_ngan_han,,ii_short_term_investments | ii_short_term_financial_investments
balance_sheet,BS_COMPULSORY_RESERVES,Quỹ dự trữ bắt buộc,quy_du_tru_bat_buoc,quy_du_tru_bat_buoc,9_compulsory_reserves,9_compulsory_reserves
balance_sheet,BS_HELD_TO_MATURITY_INVESTMENTS,Đầu tư nắm giữ đến ngày đáo hạn,held_to_maturity_investments,dau_tu_nam_giu_den_ngay_dao_han,5_long_term_held_to_maturity_investments,5_held_to_maturity_investments | 5_long_term_held_to_maturity_investments
balance_sheet,BS_UNALLOCATED_COMMISSIONS_EXPENSES,Chi phí hoa hồng chưa phân bổ,chi_phi_hoa_hong_chua_phan_bo,chi_phi_hoa_hong_chua_phan_bo,1_1_unallocated_commissions_expenses,1_1_unallocated_commissions_expenses
balance_sheet,BS_REINSURANCE_ASSETS,Tài sản tái bảo hiểm,tai_san_tai_bao_hiem,tai_san_tai_bao_hiem,viii_reinsurance_assets,viii_reinsurance_assets
balance_sheet,BS_REINSURANCE_ASSETS_FROM_UNEARNED_PREMIUM_RESERVES,Dự phòng phí nhượng tái bảo hiểm,du_phong_phi_nhuong_tai_bao_hiem,du_phong_phi_nhuong_tai_bao_hiem,1_reinsurance_assets_from_unearned_premium_reserves,1_reinsurance_assets_from_unearned_premium_reserves
balance_sheet,BS_REINSURANCE_ASSETS_FROM_CLAIM_RESERVES,Dự phòng bồi thường nhượng tái bảo hiểm,du_phong_boi_thuong_nhuong_tai_bao_hiem,du_phong_boi_thuong_nhuong_tai_bao_hiem,2_reinsurance_assets_from_claim_reserves,2_reinsurance_assets_from_claim_reserves
balance_sheet,BS_LONG_TERM_MARGIN_DEPOSITS,Ký quỹ bảo hiểm,ky_quy_bao_hiem,ky_quy_bao_hiem,3_long_term_margin_deposits,3_long_term_margin_deposits
balance_sheet,BS_OTHER_LONG_TERM_RECEIVABLES,Phải thu dài hạn khác,other_long_term_receivables,phai_thu_dai_han_khac,6_2_other_long_term_receivables,6_2_other_long_term_receivables
balance_sheet,BS_UNEARNED_COMMISSION_REVENUES,Doanh thu hoa hồng chưa được hưởng,doanh_thu_hoa_hong_chua_duoc_huong,doanh_thu_hoa_hong_chua_duoc_huong,9_unearned_commission_revenues,9_unearned_commission_revenues
balance_sheet,BS_INSURANCE_CONTRACT_RECEIVABLES,Phải thu về hợp đồng bảo hiểm,phai_thu_ve_hop_dong_bao_hiem,phai_thu_ve_hop_dong_bao_hiem,1_1_insurance_contract_receivables,1_1_insurance_contract_receivables
balance_sheet,BS_OTHER_RECEIVABLES_OF_CUSTOMERS,Phải thu khác của khách hàng,phai_thu_khac_cua_khach_hang,phai_thu_khac_cua_khach_hang,12_other_receivables_of_customers,12_other_receivables_of_customers
balance_sheet,BS_INSURANCE_CONTRACT_PAYABLE,Phải trả về hợp đồng bảo hiểm,phai_tra_ve_hop_dong_bao_hiem,phai_tra_ve_hop_dong_bao_hiem,2_1_insurance_contract_payable,2_1_insurance_contract_payable
balance_sheet,BS_OTHER_PAYABLES_TO_SUPPLIERS,Phải trả cho người bán,phai_tra_cho_nguoi_ban,phai_tra_cho_nguoi_ban,2_2_other_payables_to_suppliers,2_2_other_payables_to_suppliers
balance_sheet,BS_INSURANCE_RESERVES,Dự phòng nghiệp vụ bảo hiểm,du_phong_nghiep_vu_bao_hiem,du_phong_nghiep_vu_bao_hiem,,iii_reserves
balance_sheet,BS_UNEARNED_PREMIUM_RESERVE,Dự phòng phí chưa được hưởng,du_phong_phi_chua_duoc_huong,du_phong_phi_chua_duoc_huong,1_unearned_premium_reserve,1_unearned_premium_reserve
balance_sheet,BS_CLAIM_RESERVE,Dự phòng bồi thường,du_phong_boi_thuong,du_phong_boi_thuong,3_claim_reserve,3_claim_reserve
balance_sheet,BS_CATASTROPHE_RESERVE,Dự phòng dao động lớn,du_phong_dao_dong_lon,du_phong_dao_dong_lon,,4_catastrophe_reserve
balance_sheet,BS_OWNERS_EQUITY,Vốn và các quỹ,owners_equity,von_va_cac_quy,viii_capital_and_reserves,d_owner_s_equity | i_owner_s_equity
balance_sheet,BS_INVESTMENTS_IN_SUBSIDIARIES,Đầu tư vào công ty con,investments_in_subsidiaries,dau_tu_vao_cong_ty_con,,
balance_sheet,BS_SHORT_TERM_INTERCOMPANY_PAYABLES,Phải trả nội bộ,phai_tra_noi_bo,phai_tra_noi_bo,,
balance_sheet,BS_LONG_TERM_INTERCOMPANY_PAYABLES,Phải trả nội bộ dài hạn,phai_tra_noi_bo_dai_han,phai_tra_noi_bo_dai_han,,
balance_sheet,BS_LONG_TERM_INTERCOMPANY_RECEIVABLES,Phải thu nội bộ dài hạn,phai_thu_noi_bo_dai_han,phai_thu_noi_bo_dai_han,,
balance_sheet,BS_PREFERRED_SHARES_LIABILITY,Cổ phiếu ưu đãi,co_phieu_uu_dai,co_phieu_uu_dai,,
balance_sheet,BS_PREFERRED_SHARES_EQUITY,Cổ phiếu ưu đãi,co_phieu_uu_dai,co_phieu_uu_dai,,
balance_sheet,BS_SEVERANCE_PAY_PROVISION,Dự phòng trợ cấp thôi việc,du_phong_tro_cap_thoi_viec,du_phong_tro_cap_thoi_viec,,
balance_sheet,BS_ENTERPRISE_REORGANIZATION_SUPPORT_FUND,Quỹ hỗ trợ sắp xếp doanh nghiệp,quy_ho_tro_sap_xep_doanh_nghiep,quy_ho_tro_sap_xep_doanh_nghiep,,
balance_sheet,BS_BUDGET_SOURCES_FORMING_FIXED_ASSETS,Nguồn kinh phí đã hình thành TSCĐ,nguon_kinh_phi_da_hinh_thanh_tscd,nguon_kinh_phi_da_hinh_thanh_tscd,,
balance_sheet,BS_BOND_CONVERSION_OPTIONS,Quyền chọn chuyển đổi trái phiếu,quyen_chon_chuyen_doi_trai_phieu,quyen_chon_chuyen_doi_trai_phieu,,
balance_sheet,BS_GOVERNMENT_BOND_REPURCHASE_TRANSACTIONS,Giao dịch mua bán lại trái phiếu Chính phủ,giao_dich_mua_ban_lai_trai_phieu_chinh_phu,giao_dich_mua_ban_lai_trai_phieu_chinh_phu,,
balance_sheet,BS_WORKING_CAPITAL_IN_AFFILIATES,Vốn kinh doanh ở các đơn vị trực thuộc,von_kinh_doanh_o_cac_don_vi_truc_thuoc,von_kinh_doanh_o_cac_don_vi_truc_thuoc,,
balance_sheet,BS_INTERCOMPANY_PAYABLES_FOR_WORKING_CAPITAL,Phải trả nội bộ về vốn kinh doanh,phai_tra_noi_bo_ve_von_kinh_doanh,phai_tra_noi_bo_ve_von_kinh_doanh,,
balance_sheet,BS_INVENTORIES_GROSS,Hàng tồn kho,hang_ton_kho,hang_ton_kho,,1_inventories
balance_sheet,BS_INVENTORIES,Hàng tồn kho,inventories,hang_ton_kho,,1_inventories | iv_inventories
balance_sheet,BS_OFF_FIRM_AND_MANAGED_ASSETS,A. TÀI SẢN CỦA CÔNG TY CHỨNG KHOÁN (CTCK) VÀ TÀI SẢN QUẢN LÝ THEO CAM KẾT,a_tai_san_cua_cong_ty_chung_khoan_ctck_va_tai_san_quan_ly_theo_cam_ket,a_tai_san_cua_cong_ty_chung_khoan_ctck_va_tai_san_quan_ly_theo_cam_ket,,
balance_sheet,BS_OFF_LEASED_FIXED_ASSETS,Tài sản cố định thuê ngoài,tai_san_co_dinh_thue_ngoai,tai_san_co_dinh_thue_ngoai,,
balance_sheet,BS_OFF_VALUABLE_PAPERS_HELD_IN_CUSTODY,Chứng chỉ có giá nhận giữ hộ,chung_chi_co_gia_nhan_giu_ho,chung_chi_co_gia_nhan_giu_ho,,
balance_sheet,BS_OFF_MORTGAGED_ASSETS,Tài sản nhận thế chấp,tai_san_nhan_the_chap,tai_san_nhan_the_chap,,
balance_sheet,BS_OFF_BAD_DEBTS_WRITTEN_OFF,Nợ khó đòi đã xử lý,no_kho_doi_da_xu_ly,no_kho_doi_da_xu_ly,,
balance_sheet,BS_OFF_FOREIGN_CURRENCIES,Ngoại tệ các loại,ngoai_te_cac_loai,ngoai_te_cac_loai,,
balance_sheet,BS_OFF_OUTSTANDING_SHARES,Cổ phiếu đang lưu hành (Số lượng),co_phieu_dang_luu_hanh_so_luong,co_phieu_dang_luu_hanh_so_luong,,
balance_sheet,BS_OFF_TREASURY_SHARES,Cổ phiếu quỹ (Số lượng),co_phieu_quy_so_luong,co_phieu_quy_so_luong,,
balance_sheet,BS_OFF_FIRM_LISTED_FINANCIAL_ASSETS,Tài sản tài chính niêm yết/đăng ký giao dịch tại VSD của CTCK,tai_san_tai_chinh_niem_yet_dang_ky_giao_dich_tai_vsd_cua_ctck,tai_san_tai_chinh_niem_yet_dang_ky_giao_dich_tai_vsd_cua_ctck,,
balance_sheet,BS_OFF_FIRM_UNTRADED_FINANCIAL_ASSETS,Tài sản tài chính đã lưu ký tại VSD và chưa giao dịch của CTCK,tai_san_tai_chinh_da_luu_ky_tai_vsd_va_chua_giao_dich_cua_ctck,tai_san_tai_chinh_da_luu_ky_tai_vsd_va_chua_giao_dich_cua_ctck,,
balance_sheet,BS_OFF_FIRM_AWAITING_FINANCIAL_ASSETS,Tài sản tài chính chờ về của CTCK,tai_san_tai_chinh_cho_ve_cua_ctck,tai_san_tai_chinh_cho_ve_cua_ctck,,
balance_sheet,BS_OFF_FIRM_ERROR_CORRECTION_FINANCIAL_ASSETS,Tài sản tài chính sửa lỗi giao dịch của CTCK,tai_san_tai_chinh_sua_loi_giao_dich_cua_ctck,tai_san_tai_chinh_sua_loi_giao_dich_cua_ctck,,
balance_sheet,BS_OFF_FIRM_UNREGISTERED_FINANCIAL_ASSETS,Tài sản tài chính chưa lưu ký tại VSD của CTCK,tai_san_tai_chinh_chua_luu_ky_tai_vsd_cua_ctck,tai_san_tai_chinh_chua_luu_ky_tai_vsd_cua_ctck,,
balance_sheet,BS_OFF_FIRM_ENTITLED_FINANCIAL_ASSETS,Tài sản tài chính được hưởng quyền của CTCK,tai_san_tai_chinh_duoc_huong_quyen_cua_ctck,tai_san_tai_chinh_duoc_huong_quyen_cua_ctck,,
balance_sheet,BS_OFF_INVESTOR_MANAGED_ASSETS_AND_PAYABLES,B. TÀI SẢN VÀ CÁC KHOẢN PHẢI TRẢ VỀ TÀI SẢN QUẢN LÝ CAM KẾT VỚI KHÁCH HÀNG,b_tai_san_va_cac_khoan_phai_tra_ve_tai_san_quan_ly_cam_ket_voi_khach_hang,b_tai_san_va_cac_khoan_phai_tra_ve_tai_san_quan_ly_cam_ket_voi_khach_hang,,
balance_sheet,BS_OFF_INVESTOR_LISTED_FINANCIAL_ASSETS,Tài sản tài chính niêm yết/đăng ký giao dịch tại VSD của NĐT,tai_san_tai_chinh_niem_yet_dang_ky_giao_dich_tai_vsd_cua_ndt,tai_san_tai_chinh_niem_yet_dang_ky_giao_dich_tai_vsd_cua_ndt,,
balance_sheet,BS_OFF_INVESTOR_LISTED_FREELY_TRADABLE,Tài sản tài chính giao dịch tự do chuyển nhượng,tai_san_tai_chinh_giao_dich_tu_do_chuyen_nhuong,tai_san_tai_chinh_giao_dich_tu_do_chuyen_nhuong,,
balance_sheet,BS_OFF_INVESTOR_LISTED_RESTRICTED,Tài sản tài chính hạn chế chuyển nhượng,tai_san_tai_chinh_han_che_chuyen_nhuong,tai_san_tai_chinh_han_che_chuyen_nhuong,,
balance_sheet,BS_OFF_INVESTOR_LISTED_PLEDGED,Tài sản tài chính giao dịch cầm cố,tai_san_tai_chinh_giao_dich_cam_co,tai_san_tai_chinh_giao_dich_cam_co,,
balance_sheet,BS_OFF_INVESTOR_LISTED_BLOCKED,"Tài sản tài chính phong tỏa, tạm giữ",tai_san_tai_chinh_phong_toa_tam_giu,tai_san_tai_chinh_phong_toa_tam_giu,,
balance_sheet,BS_OFF_INVESTOR_LISTED_AWAITING_SETTLEMENT,Tài sản tài chính chờ thanh toán,tai_san_tai_chinh_cho_thanh_toan,tai_san_tai_chinh_cho_thanh_toan,,
balance_sheet,BS_OFF_INVESTOR_LISTED_AWAITING_LENDING,Tài sản tài chính chờ cho vay,tai_san_tai_chinh_cho_cho_vay,tai_san_tai_chinh_cho_cho_vay,,
balance_sheet,BS_OFF_INVESTOR_UNTRADED_FINANCIAL_ASSETS,Tài sản tài chính đã lưu ký tại VSD và chưa giao dịch của NĐT,tai_san_tai_chinh_da_luu_ky_tai_vsd_va_chua_giao_dich_cua_ndt,tai_san_tai_chinh_da_luu_ky_tai_vsd_va_chua_giao_dich_cua_ndt,,
balance_sheet,BS_OFF_INVESTOR_UNTRADED_FREELY_TRADABLE,"Tài sản tài chính đã lưu ký tại VSD và chưa giao dịch, tự do chuyển nhượng",tai_san_tai_chinh_da_luu_ky_tai_vsd_va_chua_giao_dich_tu_do_chuyen_nhuong,tai_san_tai_chinh_da_luu_ky_tai_vsd_va_chua_giao_dich_tu_do_chuyen_nhuong,,
balance_sheet,BS_OFF_INVESTOR_UNTRADED_RESTRICTED,"Tài sản tài chính đã lưu ký tại VSD và chưa giao dịch, hạn chế chuyển nhượng",tai_san_tai_chinh_da_luu_ky_tai_vsd_va_chua_giao_dich_han_che_chuyen_nhuong,tai_san_tai_chinh_da_luu_ky_tai_vsd_va_chua_giao_dich_han_che_chuyen_nhuong,,
balance_sheet,BS_OFF_INVESTOR_UNTRADED_PLEDGED,"Tài sản tài chính đã lưu ký tại VSD và chưa giao dịch, cầm cố",tai_san_tai_chinh_da_luu_ky_tai_vsd_va_chua_giao_dich_cam_co,tai_san_tai_chinh_da_luu_ky_tai_vsd_va_chua_giao_dich_cam_co,,
balance_sheet,BS_OFF_INVESTOR_UNTRADED_BLOCKED,"Tài sản tài chính đã lưu ký tại VSD và chưa giao dịch, phong tỏa, tạm giữ",tai_san_tai_chinh_da_luu_ky_tai_vsd_va_chua_giao_dich_phong_toa_tam_giu,tai_san_tai_chinh_da_luu_ky_tai_vsd_va_chua_giao_dich_phong_toa_tam_giu,,
balance_sheet,BS_OFF_INVESTOR_AWAITING_FINANCIAL_ASSETS,Tài sản tài chính chờ về của NĐT,tai_san_tai_chinh_cho_ve_cua_ndt,tai_san_tai_chinh_cho_ve_cua_ndt,,
balance_sheet,BS_OFF_INVESTOR_ERROR_CORRECTION_FINANCIAL_ASSETS,Tài sản tài chính sửa lỗi giao dịch của NĐT,tai_san_tai_chinh_sua_loi_giao_dich_cua_ndt,tai_san_tai_chinh_sua_loi_giao_dich_cua_ndt,,
balance_sheet,BS_OFF_INVESTOR_UNREGISTERED_FINANCIAL_ASSETS,Tài sản tài chính chưa lưu ký tại VSD của NĐT,tai_san_tai_chinh_chua_luu_ky_tai_vsd_cua_ndt,tai_san_tai_chinh_chua_luu_ky_tai_vsd_cua_ndt,,
balance_sheet,BS_OFF_INVESTOR_ENTITLED_FINANCIAL_ASSETS,Tài sản tài chính được hưởng quyền của Nhà đầu tư,tai_san_tai_chinh_duoc_huong_quyen_cua_nha_dau_tu,tai_san_tai_chinh_duoc_huong_quyen_cua_nha_dau_tu,,
balance_sheet,BS_OFF_CUSTOMER_DEPOSITS,Tiền gửi của khách hàng,tien_gui_cua_khach_hang,tien_gui_cua_khach_hang,,
balance_sheet,BS_OFF_INVESTOR_TRADING_DEPOSITS,Tiền gửi của Nhà đầu tư về giao dịch chứng khoán,tien_gui_cua_nha_dau_tu_ve_giao_dich_chung_khoan,tien_gui_cua_nha_dau_tu_ve_giao_dich_chung_khoan,,
balance_sheet,BS_OFF_GENERAL_TRADING_DEPOSITS,Tiền gửi tổng hợp giao dịch chứng khoán cho khách hàng,tien_gui_tong_hop_giao_dich_chung_khoan_cho_khach_hang,tien_gui_tong_hop_giao_dich_chung_khoan_cho_khach_hang,,
balance_sheet,BS_OFF_CLEARING_DEPOSITS,Tiền gửi bù trừ và thanh toán giao dịch chứng khoán,tien_gui_bu_tru_va_thanh_toan_giao_dich_chung_khoan,tien_gui_bu_tru_va_thanh_toan_giao_dich_chung_khoan,,
balance_sheet,BS_OFF_CLEARING_DEPOSITS_DOMESTIC,Tiền gửi bù trừ và thanh toán giao dịch chứng khoán Nhà đầu tư trong nước,tien_gui_bu_tru_va_thanh_toan_giao_dich_chung_khoan_nha_dau_tu_trong_nuoc,tien_gui_bu_tru_va_thanh_toan_giao_dich_chung_khoan_nha_dau_tu_trong_nuoc,,
balance_sheet,BS_OFF_CLEARING_DEPOSITS_FOREIGN,Tiền gửi bù trừ và thanh toán giao dịch chứng khoán Nhà đầu tư nước ngoài,tien_gui_bu_tru_va_thanh_toan_giao_dich_chung_khoan_nha_dau_tu_nuoc_ngoai,tien_gui_bu_tru_va_thanh_toan_giao_dich_chung_khoan_nha_dau_tu_nuoc_ngoai,,
balance_sheet,BS_OFF_ISSUER_DEPOSITS,Tiền gửi của Tổ chức phát hành chứng khoán,tien_gui_cua_to_chuc_phat_hanh_chung_khoan,tien_gui_cua_to_chuc_phat_hanh_chung_khoan,,
balance_sheet,BS_OFF_PAYABLES_INVESTOR_DEPOSITS,Phải trả Nhà đầu tư về tiền gửi giao dịch chứng khoán theo phương thức CTCK quản lý,phai_tra_nha_dau_tu_ve_tien_gui_giao_dich_chung_khoan_theo_phuong_thuc_ctck_quan_ly,phai_tra_nha_dau_tu_ve_tien_gui_giao_dich_chung_khoan_theo_phuong_thuc_ctck_quan_ly,,
balance_sheet,BS_OFF_PAYABLES_INVESTOR_DEPOSITS_DOMESTIC,Phải trả Nhà đầu tư trong nước về tiền gửi giao dịch chứng khoán theo phương thức CTCK quản lý,phai_tra_nha_dau_tu_trong_nuoc_ve_tien_gui_giao_dich_chung_khoan_theo_phuong_thuc_ctck_quan_ly,phai_tra_nha_dau_tu_trong_nuoc_ve_tien_gui_giao_dich_chung_khoan_theo_phuong_thuc_ctck_quan_ly,,
balance_sheet,BS_OFF_PAYABLES_INVESTOR_DEPOSITS_FOREIGN,Phải trả Nhà đầu tư nước ngoài về tiền gửi giao dịch chứng khoán theo phương thức CTCK quản lý,phai_tra_nha_dau_tu_nuoc_ngoai_ve_tien_gui_giao_dich_chung_khoan_theo_phuong_thuc_ctck_quan_ly,phai_tra_nha_dau_tu_nuoc_ngoai_ve_tien_gui_giao_dich_chung_khoan_theo_phuong_thuc_ctck_quan_ly,,
balance_sheet,BS_OFF_PAYABLES_ISSUER,Phải trả Tổ chức phát hành chứng khoán,phai_tra_to_chuc_phat_hanh_chung_khoan,phai_tra_to_chuc_phat_hanh_chung_khoan,,
balance_sheet,BS_OFF_CUSTOMER_ERROR_CORRECTION_RECEIVABLES_PAYABLES,Phải thu/phải trả của khách hàng về lỗi giao dịch các tài sản tài chính,phai_thu_phai_tra_cua_khach_hang_ve_loi_giao_dich_cac_tai_san_tai_chinh,phai_thu_phai_tra_cua_khach_hang_ve_loi_giao_dich_cac_tai_san_tai_chinh,,
balance_sheet,BS_OFF_PAYABLES_BROKERAGE_LOANS,Phải trả vay CTCK,phai_tra_vay_ctck,phai_tra_vay_ctck,,
balance_sheet,BS_OFF_PAYABLES_DIVIDENDS_PRINCIPAL_INTEREST,"Phải trả cổ tức, gốc và lãi trái phiếu",phai_tra_co_tuc_goc_va_lai_trai_phieu,phai_tra_co_tuc_goc_va_lai_trai_phieu,,
